{"cameraMode":{"drawMode":0,"name":"Shaded","section":"Shading Mode"},"sceneLighting":true,"audioPlay":false,"sceneViewState":{"m_AlwaysRefresh":false,"showFog":true,"showSkybox":true,"showFlares":true,"showImageEffects":true,"showParticleSystems":true,"showVisualEffectGraphs":true,"m_FxEnabled":true},"in2DMode":false,"pivot":{"x":-14.079999923706055,"y":2.5048890113830568,"z":13.90084457397461},"rotation":{"x":0.3182043433189392,"y":-0.02928828075528145,"z":0.00982907135039568,"w":0.9475026726722717},"size":31.80156707763672,"orthographic":true}