{"cameraMode":{"drawMode":0,"name":"Shaded","section":"Shading Mode"},"sceneLighting":true,"audioPlay":false,"sceneViewState":{"m_AlwaysRefresh":false,"showFog":true,"showSkybox":true,"showFlares":true,"showImageEffects":true,"showParticleSystems":true,"showVisualEffectGraphs":true,"m_FxEnabled":true},"in2DMode":false,"pivot":{"x":0.0000017881393432617188,"y":1.2632548809051514,"z":0.016342639923095704},"rotation":{"x":-0.2038179188966751,"y":0.23410798609256745,"z":-0.05026329681277275,"w":-0.9492624998092651},"size":80.9026870727539,"orthographic":true}