{"cameraMode":{"drawMode":0,"name":"Shaded","section":"Shading Mode"},"sceneLighting":false,"audioPlay":false,"sceneViewState":{"m_AlwaysRefresh":false,"showFog":true,"showSkybox":false,"showFlares":true,"showImageEffects":true,"showParticleSystems":true,"showVisualEffectGraphs":true,"m_FxEnabled":true},"in2DMode":false,"pivot":{"x":-1.1920928955078126e-7,"y":2.544203281402588,"z":12.95361614227295},"rotation":{"x":-0.017995990812778474,"y":0.020096631720662118,"z":0.00035803267383016646,"w":0.9996293187141419},"size":3.6052026748657228,"orthographic":true}