{"cameraMode":{"drawMode":0,"name":"Shaded","section":"Shading Mode"},"sceneLighting":false,"audioPlay":false,"sceneViewState":{"m_AlwaysRefresh":false,"showFog":true,"showSkybox":false,"showFlares":true,"showImageEffects":true,"showParticleSystems":true,"showVisualEffectGraphs":true,"m_FxEnabled":true},"in2DMode":false,"pivot":{"x":12.930001258850098,"y":1.0407719612121583,"z":13.38956356048584},"rotation":{"x":-0.017995990812778474,"y":0.020096631720662118,"z":0.00035803267383016646,"w":0.9996293187141419},"size":2.689887046813965,"orthographic":true}