{"cameraMode":{"drawMode":0,"name":"Shaded","section":"Shading Mode"},"sceneLighting":false,"audioPlay":false,"sceneViewState":{"m_AlwaysRefresh":false,"showFog":true,"showSkybox":false,"showFlares":true,"showImageEffects":true,"showParticleSystems":true,"showVisualEffectGraphs":true,"m_FxEnabled":true},"in2DMode":false,"pivot":{"x":-14.079999923706055,"y":2.4756362438201906,"z":13.85153579711914},"rotation":{"x":-0.017995990812778474,"y":0.020096631720662118,"z":0.00035803267383016646,"w":0.9996293187141419},"size":3.4857559204101564,"orthographic":true}